lp,,dzielnica,poddzielnica,ulica,cena ,metry,cena za m,kw,3/4 ceny,Data przetargu,,,,
1,,Żoliborz,Sady Żoliborskie,Popiełuszki Jerzego 17B/11,"116,000.00 zł ",18.00,"6,444.44 zł ",brak KW,"87,000.00 zł ",,,,,
2,,Targówek,Targówek Mieszkaniowy,Barkocińska 15/8,"124,000.00 zł ",19.01,"6,522.88 zł ",WA3M/00331649/8,"93,000.00 zł ",,,,,
3,,Wola,Młynów,Długosza Jana 22/8,"127,500.00 zł ",21.91,"5,819.26 zł ",WA4M/00063688/0,"95,625.00 zł ",,,,,
4,,Targówek,Bródno,Bolivara Simona 2/32,"157,500.00 zł ",27.00,"5,833.33 zł ",brak KW,"118,125.00 zł ",,,,,
5,,Praga Północ,Nowa Praga,Brechta Bertolta 13/3,"164,000.00 zł ",26.71,"6,140.02 zł ",WA3M/00184566/6,"123,000.00 zł ",,,,,
6,,Białołęka,Derby,Skarbka z Gór 134b/7,"175,000.00 zł ",33.90,"5,162.24 zł ",WA3M/00455195/5,"131,250.00 zł ",,,,,
7,02-02-2017,Targówek,Bródno,Wysockiego 2/111,"184,000.00 zł ",40.80,"4,509.80 zł ",WA3M/00439462/0,"138,000.00 zł ",,,,,"2 pokoje, kuchnia, 3 piętro, facet rocznik 3"
8,,Praga Północ,Szmulki,Wiosenna 2/170,"200,577.00 zł ",37.00,"5,421.00 zł ",WA3M/00469056/0,"150,432.75 zł ",,,,,
9,,Białołęka,Kobiałka,Żeglugi Wiślanej 11/29,"203,804.00 zł ",35.90,"5,676.99 zł ",WA3M/00484408/4,"152,853.00 zł ",,,,,
10,,Białołęka,Dąbrówka Szlachecka,Przylesie 21/211,"211,894.00 zł ",39.00,"5,433.18 zł ",WA3M/00231626/0,"158,920.50 zł ",,,,,
11,02-02-2017 ,Białołęka,Żerań,Modlińska 65G/3,"213,000.00 zł ",39.1,"5,447.57 zł ",WA3M/00485008/7,"159,750.00 zł ",,,,,pokój I aneks
12,02-02-2017 ,Białołęka,Żerań,Modlińska 65G/4,"213,000.00 zł ",39.1,"5,447.57 zł ",WA3M/00485009/4,"159,750.00 zł ",,,,,pokój I aneks
13,,Białołęka,Tarchomin,Mehoffera 44/4,"218,491.00 zł ",36.53,"5,981.14 zł ",WA3M/00477406/8,"163,868.25 zł ",,,,,
14,,Bemowo,Bemowo Lotnisko,Powstańców śląskich 104/227,"219,300.00 zł ",31.20,"7,028.85 zł ",wa1m/00312022/4,"164,475.00 zł ",,,,,
15,,Praga Północ,Szmulki,Wiosenna 2/249,"221,100.00 zł ",37.00,"5,975.68 zł ",brak KW,"165,825.00 zł ",,,,,
16,08-03-2017,Praga Południe,Grochów ,Międzyborska 43 A/29,"224,000.00 zł ",48.00,"4,666.67 zł ",WA6M/00465340/1,"168,000.00 zł ",,,,,"3 pokoje, oddzielna kuchnia, kobieta rocznik 53"
17,,Białołęka,Żerań,Modlińska 65D/15,"232,000.00 zł ",46.90,"4,946.70 zł ",WA3M/00485010/4,"174,000.00 zł ",,,,,
18,,Mokotów,Stegny,Kaukaska 8/42,"238,000.00 zł ",42.20,"5,639.81 zł ",WA2M/00463522/9,"178,500.00 zł ",,,,,
19,31-03-2017,Praga Południe,Grochów ,Grochowska 174/176/3,"240,000.00 zł ",39.19,"6,124.01 zł ",WA6M/00086211/7,"180,000.00 zł ",,,,,1 pokój I pewnie aneks
20,,Targówek,Bródno,Łojewska 9/107,"243,000.00 zł ",47.00,"5,170.21 zł ",brak KW,"182,250.00 zł ",,,,,
21,,Targówek,Targówek Mieszkaniowy,Gajkowicza 3/31,"250,900.00 zł ",53.10,"4,725.05 zł ",brak KW,"188,175.00 zł ",,,,,
22,,Bemowo,Bemowo Lotnisko,Bandrowskiego 9/74,"257,114.00 zł ",45.62,"5,635.99 zł ",wa1m/00467927/9,"192,835.50 zł ",,,,,
23,,Targówek,Bródno,Turmoncka 17/110,"258,000.00 zł ",49.40,"5,222.67 zł ",WA3M/00465890/0,"193,500.00 zł ",,,,,
24,23-01-2017,Wola,Młynów,Górczewska 18/44,"260,618.00 zł ",37.45,"6,959.09 zł ",WA4M/00215181/7,"195,463.50 zł ",,,,,"1 pokój I pewnie aneks, małżeństwo 67’, 72’"
25,,Mokotów,Stegny,Batumi 4/18,"264,000.00 zł ",42.40,"6,226.42 zł ",WA2M/00449975/5,"198,000.00 zł ",,,,,
26,,Bemowo,Jelonki Południowe,Rozłogi 2/9,"267,000.00 zł ",50.70,"5,266.27 zł ",brak KW,"200,250.00 zł ",,,,,
27,03-09-2017,Praga Południe,Grochów ,Podskarbińska 8/7,"274,000.00 zł ",46.79,"5,855.95 zł ",WA6M/00186762/5,"205,500.00 zł ",,,,,"2 pokoje I kuchnia, mężczyzna, brak hipoteki"
28,25-01-2017,Ursynów,Ursynów-Centrum,Magellana 2/41,"274,100.00 zł ",42.40,"6,464.62 zł ",WA2M/00442200/3,"205,575.00 zł ",,,,,"2 pokoje I kuchnia, kobieta 54’"
29,,Bemowo,Bemowo Lotnisko,Bandrowskiego 10/43,"275,100.00 zł ",45.70,"6,019.69 zł ",WA1M/00311034/4,"206,325.00 zł ",,,,,
30,,Praga Południe,Gocław,Horbaczewskiego Eugeniusza 3,"290,886.00 zł ",56.20,"5,175.91 zł ",WA6M/00489174/0,"218,164.50 zł ",,,,,
31,,Bielany,Wrzeciono,Kasprowicza 82/12,"291,200.00 zł ",45.40,"6,414.10 zł ",WA1M/00337363/7,"218,400.00 zł ",,,,,
32,08­-02-­2017,Targówek,Targówek Mieszkaniowy,Janinówka 9/177,"291,927.00 zł ",53.80,"5,426.15 zł ",WA3M/00436346/0,"218,945.25 zł ",,,,,"3 pokoje I kuchnia, małżeństwo 67’ 66’"
33,,Bielany,Wawrzyszew,Czechowa Antoniego 2/181,"295,000.00 zł ",50.70,"5,818.54 zł ",brak KW,"221,250.00 zł ",,,,,
34,23-01-2017,Praga Południe,Grochów ,Al. Jerzego Waszyngtona 106/9,"301,431.00 zł ",44.72,"6,740.41 zł ",WA6M/00113452/7,"226,073.25 zł ",,,,,"2 pokoje, kuchania, facet 70’"
35,,Bemowo,Bemowo Lotnisko,Sołtana 6/46,"307,000.00 zł ",50.10,"6,127.74 zł ",WA1M/00459038/1,"230,250.00 zł ",,,,,
36,,Bemowo,Fort Bema,Wolfkego Mieczysława 10/76,"314,925.00 zł ",65.00,"4,845.00 zł ",wa1m/00490077/5,"236,193.75 zł ",,,,,
37,,Mokotów,Sielce,Sobieskiego 99/77,"319,000.00 zł ",46.21,"6,903.27 zł ",WA2M/00131555/3,"239,250.00 zł ",,,,,
38,,Mokotów,Wierzbno,Al. Niepodległości 76/78/65,"325,000.00 zł ",41.29,"7,871.16 zł ",WA2M/00324917/9,"243,750.00 zł ",,,,,
39,,Ursynów,Ursynów-Centrum,Szczuki Mieczysława 2/44,"330,000.00 zł ",52.90,"6,238.19 zł ",brak KW,"247,500.00 zł ",,,,,
40,,Mokotów,Służew,Śniardwy 1/45,"334,089.00 zł ",54.30,"6,152.65 zł ",WA2M/00418606/2,"250,566.75 zł ",,,,,
41,,Mokotów,Wierzbno,Woronicza Jana Pawła 44/67,"342,000.00 zł ",47,"7,276.60 zł ",WA2M/00110153/2,"256,500.00 zł ",,,,,
42,,Mokotów,Służew,W. A. Mozarta 3/220,"344,000.00 zł ",46.7,"7,366.17 zł ",WA2M/00485286/2,"258,000.00 zł ",,,,,
43,,Bielany,Marymont-Ruda,Klaudyny 30/4,"344,500.00 zł ",59.56,"5,784.08 zł ",brak KW,"258,375.00 zł ",,,,,
44,,Wawer,Nowy Wawer,Palmowa 15 d/2,"347,000.00 zł ",90.70,"3,825.80 zł ",WA6M/00483124/3,"260,250.00 zł ",,,,,
45,,Mokotów,Ksawerów,Bukowińska 22/189,"350,325.00 zł ",54.62,"6,413.86 zł ",WA2M/00473153/4,"262,743.75 zł ",,,,,
46,,Wilanów,Błonia Wilanowskie,Sarmacka 20A/89,"370,000.00 zł ",53.35,"6,935.33 zł ",WA2M/00496009/7,"277,500.00 zł ",,,,,
47,,Wilanów,Błonia Wilanowskie,Sarmacka 20A/104,"371,000.00 zł ",53.44,"6,942.37 zł ",WA2M/00496010/7,"278,250.00 zł ",,,,,
48,,Ochota,Szczęsliwice,Włodarzewska 57H,"377,700.00 zł ",55.17,"6,846.11 zł ", WA1M/00311651/5,"283,275.00 zł ",,,,,
49,,Mokotów,Ksawerów,Cieszyńska 1A/84,"410,250.00 zł ",50.88,"8,063.09 zł ",WA2M/00083957/9,"307,687.50 zł ",,,,,
50,,Praga Północ,Stara Praga,Białostocka 5/130,"414,600.00 zł ",78.53,"5,279.51 zł ",WA3M/00429476/8,"310,950.00 zł ",,,,,
51,,Białołęka,Żerań,Myśliborska 24A/28,"444,000.00 zł ",75.90,"5,849.80 zł ",WA3M/00479192/8,"333,000.00 zł ",,,,,
52,,Ursynów,Ursynów Północny,Puszczyka 18a/9,"446,000.00 zł ",68.80,"6,482.56 zł ",brak KW,"334,500.00 zł ",,,,,
53,,Ursynów,Stary Imielin,Makolągwy 12/6,"459,000.00 zł ",57.24,"8,018.87 zł ",WA5M/00440786/1,"344,250.00 zł ",,,,,
54,,Bielany,Piaski,Kochanowskiego Jana 51/44,"465,200.00 zł ",73.40,"6,337.87 zł ",brak KW,"348,900.00 zł ",,,,,
55,,Ursynów,Ursynów-Centrum,Miklaszewskiego 14/66,"479,000.00 zł ",70.70,"6,775.01 zł ",WA5M/00454560/2,"359,250.00 zł ",,,,,
56,,Białołęka,Derby,Skarbka z Gór 134/39,"480,998.00 zł ",86.00,"5,593.00 zł ",WA3M/00456057/3,"360,748.50 zł ",,,,,
57,,Białołęka,Derby,Skarbka z Gór 17 lok.U-2,"493,111.00 zł ",82.40,"5,984.36 zł ",WA3M/00451336/8,"369,833.25 zł ",,,,,
58,,Białołęka,Tarchomin,Milenijna 41A/11,"514,000.00 zł ",85.55,"6,008.18 zł ",WA3M/00443129/5,"385,500.00 zł ",,,,,
59,,Ursynów,Natolin,Komisji Edukacji Narodowej 52/100,"568,000.00 zł ",66.79,"8,504.27 zł ",WA2M/00438302/7,"426,000.00 zł ",,,,,
60,,Śródmieście,Solec,Okrąg 4/39,"573,300.00 zł ",72.00,"7,962.50 zł ",WA4M/00405667/7,"429,975.00 zł ",,,,,
61,,Śródmieście,Śródmieście Północne,Smolna 9/49,"584,000.00 zł ",64.49,"9,055.67 zł ",WA4M/00061836/9,"438,000.00 zł ",,,,,
62,,Mokotów,Służewiec,Obrzeżna 5c/8,"604,900.00 zł ",74.28,"8,143.51 zł ",WA2M/00494816/3,"453,675.00 zł ",,,,,
63,,Ursynów,Natolin,Pietraszewicza Bronisława 7/1,"615,000.00 zł ",84.10,"7,312.72 zł ",WA2M/00139729/0,"461,250.00 zł ",,,,,
64,,Praga Południe,Grochów ,Kobielska 6/5,"671,600.00 zł ",87.90,"7,640.50 zł ",WA6M/00447922/3,"503,700.00 zł ",,,,,
65,,Mokotów,Wierzbno,Bielawska 6/55,"691,890.00 zł ",76.80,"9,008.98 zł ",WA2M/00204474/4,"518,917.50 zł ",,,,,
66,,Mokotów ,Wierzbno,Bielawska 6/55,"691,890.00 zł ",76.80,"9,008.98 zł ",WA2M/00204474/4,"518,917.50 zł ",,,,,
67,,Śródmieście,Muranów,Al. Jana Pawła II 61/127,"708,000.00 zł ",82.00,"8,634.15 zł ",WA4M/00406945/7,"531,000.00 zł ",,,,,
68,,Mokotów,Służew,Kmicica 6/2,"726,624.00 zł ",67.70,"10,733.00 zł ",WA2M/00466522/0,"544,968.00 zł ",,,,,
69,,Mokotów,Stegny,Wilanowska 111A/13,"745,000.00 zł ",88.93,"8,377.38 zł ",WA2M/00399003/5,"558,750.00 zł ",,,,,
70,,Wola,Mirów,Łucka 20/97,"799,000.00 zł ",123.30,"6,480.13 zł ",WA4M/00416333/7,"599,250.00 zł ",,,,,
71,,Śródmieście,Śródmieście Południowe,Jerozolimskie 49/23,"898,000.00 zł ",98.14,"9,150.19 zł ",WA4M/00429172/4,"673,500.00 zł ",,,,,
72,,Ursynów,Stary Imielin,Gandhi Indiry 35/186,"1,191,684.00 zł ",140.81,"8,463.06 zł ",WA2M/00452845/9,"893,763.00 zł ",,,,,
73,,Wilanów,Błonia Wilanowskie,Sarmacka 10D/16,"1,596,000.00 zł ",200.45,"7,962.09 zł ",WA2M/00470791/7,"1,197,000.00 zł ",,,,,
74,27-03-2017 ,Śródmieście,Solec,Śniegockiej 5/5,"436,395.00 zł ",57.5,"7,589.48 zł ",WA4M/00402094/8,327296.25,,,,,
75,,Ursynów,Stary Imielin,Roentgena 45/5,"589,101.00 zł ",82.10,"7,175.41 zł ",WA2M/00409751/7,"441,825.75 zł ",,,,,
76,,Białołęka,Derby,Skarbka z Gór 132a/2,"296,200.00 zł ",54.20,"5,464.94 zł ",WA3M/00432922/4,"222,150.00 zł ",,,,,
77,,Praga Północ,Nowa Praga,'11 Listopada 8 /14,"256,080.00 zł ",49.02,"5,223.99 zł ",WA3M/00115616/8,"192,060.00 zł ",,,,,
78,11-04-2017,Praga Północ,Nowa Praga,Szanajcy 16a/13,"268,555.00 zł ",45.51,"5,901.01 zł ",WA3M/00129659/2,"201,416.25 zł ",,,,,
79,22-02-2017,Praga Północ,Nowa Praga,Darwina 12,"311,200.00 zł ",50.02,"6,221.51 zł ",WA3M/00330171/9 ,"233,400.00 zł ",,,,,
80,,Ochota,Szczęsliwice,Włodarzewska 81/4,"237,600.00 zł ",28.3,"8,395.76 zł ",WA1M/00511213/5,"178,200.00 zł ",,,,,
81,,Śródmieście,Solec,Wrońskiego 15/6,"282,000.00 zł ",34.35,"8,209.61 zł ",WA4M/00083882/6,"211,500.00 zł ",,,,,
82,,Wilanów,Błonia Wilanowskie,Al. Rzeczypospolitej 2/2,"612,000.00 zł ",79.3,"7,717.53 zł ",WA2M/00486381/5,"459,000.00 zł ",,,,,
83,08-03-2017,Mokotów,Stegny,Korsykańska 5/92,"342,000.00 zł ",56.2,"6,085.41 zł ",WA2M/00308418/3,"256,500.00 zł ",,,,,
84,,Białołęka,,Sieczna 67A/4,"311,000.00 zł ",56.9,"5,465.73 zł ",WA3M/00492538/3,"233,250.00 zł ",,,,,
85,,Ursynów,Ursynów-Centrum,Warchałowskiego 7/44 ,"427,000.00 zł ",66.2,"6,450.15 zł ",WA2M/00432998/0 ,"320,250.00 zł ",,,,,
86,,Wesoła,,Chodkiewicza 7/64 ,"1,448,000.00 zł ",120.98,"11,968.92 zł ",WA2M/00474890/9 ,"1,086,000.00 zł ",,,,,
87,,Wawer,,Króla Maciusia 11 A/154 ,"233,793.00 zł ",43.78,"5,340.18 zł ",WA6M/00134404/9 ,"175,344.75 zł ",,,,,
88,17-03-2017,Praga Południe,Saska Kępa,Angorska 8/9 ,316000,38.25,"8,261.44 zł ",WA6M/00191076/7 ,"237,000.00 zł ",,,,,
89,,Praga Południe,Kinowa,Rozłucka 9/12 ,308694,48.94,"6,307.60 zł ",WA6M/00437028/3 ,"231,520.50 zł ",,,,,
90,,Praga Południe,Grochów Centrum,Siennicka 19/31 ,387469,60.91,"6,361.34 zł ",WA6M/00109952/1 ,"290,601.75 zł ",,,,,
91,,Zoliboż,Stary Żoliborz,Sułkowskiego  4/ 5 ,1077981,103.39,"10,426.36 zł ",WA1M/00047572/5 ,"808,485.75 zł ",,,,,
92,,Białołęka,,Przylesie 21/312 ,187000,39.1,"4,782.61 zł ",WA3M/00285575/0 ,"140,250.00 zł ",,,,,
93,,,,Kępna 2/10 ,442000,75.8,"5,831.13 zł ",WA3M/00454186/2 ,"331,500.00 zł ",,,,,
94,27-03-2017,,,Sobieskiego 12/21 ,292000,48.8,"5,983.61 zł ",WA2M/00492269/9 ,"219,000.00 zł ",,,,,
95,,,,Żeglugi Wiślanej 10/46 ,266858,52.5,"5,083.01 zł ",WA3M/00464137/7 ,"200,143.50 zł ",,,,,
96,,,,Strumykowa 40F/17 ,421000,78.1,"5,390.52 zł ",WA3M/00428930/2 ,"315,750.00 zł ",,,,,
97,,,,Wołoska 82A/4 ,261000,35.5,"7,352.11 zł ",WA2M/00464657/1 ,"195,750.00 zł ",,,,,
98,,,,Okaryny 1a/22 ,329000,55.7,"5,906.64 zł ",brak KW,"246,750.00 zł ",,,,,
99,,,,Dąbka 3/24 ,271000,48.83,"5,549.87 zł ",WA1M/00114568/5 ,"203,250.00 zł ",,,,,
100,,,,Międzynarodowa 58/60A ,185248,28,"6,616.00 zł ",brak KW,"138,936.00 zł ",,,,,
101,,,,Skarbka Z Gór 67a/43 ,347900,57,"6,103.51 zł ",WA3M/00477442/2 ,"260,925.00 zł ",,,,,
102,,,,Fasolowa 21/2 ,441917,70.9,"6,232.96 zł ",WA1M/00400643/7 ,"331,437.75 zł ",,,,,
103,,,,Świetlana 20/4 ,319875,57.46,"5,566.92 zł ",WA1M/00089688/7 ,"239,906.25 zł ",,,,,
104,,,,Sękocińska 20/49 ,143500,44.1,"3,253.97 zł ",WA1M/00281030/6 ,"107,625.00 zł ",,,,,
105,,,,Belgradzka 4/91 ,500500,121.65,"4,114.26 zł ",WA5M/00440262/2 ,"375,375.00 zł ",,,,,
106,,,,Al.Niepodległości 24/30/20 ,267900,39.3,"6,816.79 zł ",brak KW,"200,925.00 zł ",,,,,
107,,,,Młynarska 30A/59 ,266900,37.7,"7,079.58 zł ",WA4M/00405582/7 ,"200,175.00 zł ",,,,,
108,,,,Skarbka z Gór 134b/7 ,175000,33.9,"5,162.24 zł ",WA3M/00455195/5 ,"131,250.00 zł ",,,,,
109,,,,Jana Pawła II 65/16 ,288000,47.73,"6,033.94 zł ",WA4M/00443248/2 ,"216,000.00 zł ",,,,,
110,,,,Kossutha 4/85 ,299000,50.1,"5,968.06 zł ",,"224,250.00 zł ",,,,,
111,,,, Kaden-Bandrowskiego 8/88 ,493000,93.9,"5,250.27 zł ",WA1M/00465081/2 ,"369,750.00 zł ",,,,,
112,,,,Dobiszewskiego 2/8 ,296100,51.84,"5,711.81 zł ",WA4M/00073967/3 ,"222,075.00 zł ",,,,,
113,,,,Przejazd 6/91 ,610000,69.47,"8,780.77 zł ",WA2M/00449999/9 ,"457,500.00 zł ",,,,,
114,,,,Puławska 270/64 ,688000,94.56,"7,275.80 zł ",WA2M/00332834/2 ,"516,000.00 zł ",,,,,
115,,,,Linneusza 11/26,305800,50.45,"6,061.45 zł ",WA3M/00285882/5 ,"229,350.00 zł ",,,,,
116,,,,Bogusławskiego Wojciecha 4/19 ,144500,52.49,"2,752.91 zł ",WA1M/00433402/6 ,"108,375.00 zł ",,,,,
117,,,,Bitwy Pod Rokitną 1/31 ,2587000,134.71,"19,204.22 zł ",WA1M/00338820/6 ,"1,940,250.00 zł ",,,,,
118,,,,Parkowa 19/3 ,2033235,83.23,"24,429.11 zł ",WA4M/00404901/3 ,"1,524,926.25 zł ",,,,,
119,,,,Parkowa 19/4 ,2515988,102.18,"24,623.10 zł ",WA4M/00404930/5 ,"1,886,991.00 zł ",,,,,
120,,,,Wiosenna 3/133 ,291100,47,"6,193.62 zł ",WA3M/00479630/1 ,"218,325.00 zł ",,,,,
121,,,,Herbsta 4/507,217000,31.3,"6,932.91 zł ",brak KW,"162,750.00 zł ",,,,,
122,,,,Zadumana 1a/230 ,555830,76.5,"7,265.75 zł ",WA1M/00412412/6 ,"416,872.50 zł ",,,,,
123,24-02-2017,,,Smolna 9/49,584000,64.49,"9,055.67 zł ",WA4M/00061836/9,"438,000.00 zł ",,,,,
124,15-03-2017,,,Okaryny 1b/2,521100,84.35,"6,177.83 zł ",brak KW,"390,825.00 zł ",,,,,
125,17-05-2017 ,,,Kredytowa 8/73 ,765000,69.25,"11,046.93 zł ",WA4M/00433824/1 ,"573,750.00 zł ",,,,,
126,07-04-2017 ,,,Złotej Wilgi 8/176 ,322000,62.35,"5,164.39 zł ",WA6M/00350259/7 ,"241,500.00 zł ",,,,,
127,11-04-2017 ,,,Arkadowa 29/4 ,608000,104.1,"5,840.54 zł ",WA2M/00209942/1 ,"456,000.00 zł ",,,,,
128,19-04-2017 ,,,Górnośląska 2/7 ,329150,37.51,"8,774.99 zł ",WA4M/00403678/3 ,"246,862.50 zł ",,,,,
129,11-05-2017 ,,,Dmochowskiego 6/6 ,492580,55.4,"8,891.34 zł ",WA4M/00127815/7 ,"369,435.00 zł ",,,,,
130,12-06-2017 ,,,Dzięcieliny 3/40 ,497842,76.45,"6,511.99 zł ",WA6M/00315385/2 ,"373,381.50 zł ",,,,,
131,03-04-2017 ,,,Mydlarska 15a/12 ,510000,84.23,"6,054.85 zł ",WA6M/00315042/6 ,"382,500.00 zł ",,,,,
132,09-05-2017 ,,,Cieszyńska 1A/84 ,410168,50.88,"8,061.48 zł ",WA2M/00083957/9 ,"307,626.00 zł ",,,,,
133,07-04-2017 ,,,Fasolowa 39A/12 ,735325,125.6,"5,854.50 zł ",WA1M/00329760/1 ,"551,493.75 zł ",,,,,
134,27-03-2017 ,,,Bogusławskiego Wojciecha 4/19 ,144500,52.49,"2,752.91 zł ",WA1M/00500829/6 ,"108,375.00 zł ",,,,,
135,15-03-2017 ,,,Wańkowicza 5B/104 ,461390,51.46,"8,965.99 zł ",WA2M/00444413/3 ,"346,042.50 zł ",,,,,
136,11-04-2017 ,,,Puławska 240/23 ,180000,31,"5,806.45 zł ",WA2M/00198168/0 ,"135,000.00 zł ",,,,,
137,24-04-2017 ,,,Sarmacka 28/61 ,738000,91.7,"8,047.98 zł ",WA2M/00470736/4 ,"553,500.00 zł ",,,,,
138,01-03-2017 ,,,Wysockiego Piotra 14/94 ,326522,62,"5,266.48 zł ",WA3M/00475311/1 ,"244,891.50 zł ",,,,,
139,25-04-2017 ,,,Cyraneczki 1/9 ,219069,28.26,"7,751.91 zł ",WA6M/00116327/3 ,"164,301.75 zł ",,,,,
140,30-05-2017 ,,,Redutowa 50/20 ,238780,36.9,"6,471.00 zł ",brak KW,"179,085.00 zł ",,,,,
141,18-05-2017 ,,,Mikołajczyka 8/1 ,413831,64.53,"6,413.00 zł ",WA6M/00154897/7 ,"310,373.25 zł ",,,,,
142,25-05-2017 ,,,Marszałkowska 20/22/71 ,882000,92.47,"9,538.23 zł ",WA4M/00056775/5 ,"661,500.00 zł ",,,,,
143,11-04-2017 ,,,Jana Pawła II 61/171 ,1164600,146,"7,976.71 zł ",WA4M/00397404/6 ,"873,450.00 zł ",,,,,
144,06-04-2017 ,,,Aleja Niepodległości 137/141/39 ,250000,34.72,"7,200.46 zł ",WA2M/00438088/0 ,"187,500.00 zł ",,,,,
145,28-04-2017 ,,,Kochanowskiego 12a/1 ,241000,41.5,"5,807.23 zł ",brak KW,"180,750.00 zł ",,,,,
146,23-03-2017,,,Remiszewska 20 ,233000,47.5,"4,905.26 zł ",WA3M/00460121/4 ,"174,750.00 zł ",,,,,
147,15-03-2017 ,,,Strumykowa 40F/17 ,421000,78.1,"5,390.52 zł ",WA3M/00428930/2 ,"315,750.00 zł ",,,,,
148,06-04-2017 ,,,ul.Bacha Jana Sebastiana 10a/38 ,436000,66.4,"6,566.27 zł ",WA2M/00485578/6 ,"327,000.00 zł ",,,,,
149,21-04-2017 ,,,Bohaterów Warszawy 8/94 ,286760,46.2,"6,206.93 zł ",brak KW,"215,070.00 zł ",,,,,
150,09-06-2017 ,,,Grójecka 56/58/4A ,104755,16.77,"6,246.57 zł ",WA1M/00414000/9 ,"78,566.25 zł ",,,,,
151,25-04-2017 ,,,Bałuckiego 34/3 ,412800,53.7,"7,687.15 zł ",WA2M/00388293/4 ,"309,600.00 zł ",,,,,
152,27-03-2017 ,,,Międzyborska 43 A/48 ,233100,37.5,"6,216.00 zł ",WA6M/00201180/3 ,"174,825.00 zł ",,,,,
153,27-04-2017 ,,,Środkowa 30/22A ,201256,37.45,"5,373.99 zł ",WA3M/00449334/7 ,"150,942.00 zł ",,,,,
154,24-04-2017 ,,,Raabego Henryka 7/14 ,358000,51.65,"6,931.27 zł ",brak KW,"268,500.00 zł ",,,,,
155,13-06-2017 ,,,Żytnia 66/42 ,269366,46.7,"5,768.01 zł ",WA4M/00075594/1 ,"202,024.50 zł ",,,,,
156,12-04-2017,,,Dzieci Warszawy 11/U4,319529,46.44,"6,880.47 zł ",WA5M/00473458/3,"239,646.75 zł ",,,,,
157,20-04-2017,,,Sarmacka 10 D/1,1119200,153.67,"7,283.14 zł ",WA2M/00472897/4,"839,400.00 zł ",,,,,
158,20-04-2017,,,Sarmacka 10 D/30,1027700,143.77,"7,148.22 zł ",WA2M/00472898/1,"770,775.00 zł ",,,,,
159,23-05-2017,,,Nieporęcka 12/7,258000,40.42,"6,382.98 zł ",WA3M/00138915/1 ,"193,500.00 zł ",,,,,
160,23-05-2017,,,Nieporęcka 12/8,341000,55,"6,200.00 zł ",WA3M/00453829/5,"255,750.00 zł ",,,,,
161,24-04-2017,,,Bukowińska 12/901,865000,98.59,"8,773.71 zł ",WA2M/00467160/1,"648,750.00 zł ",,,,,
162,24-05-2017,,,Wysockiego 20/183,277602,53.16,"5,222.01 zł ",WA3M/00164155/6,"208,201.50 zł ",,,,,
163,11-04-2017,,,Bogusławskiego Wojciecha 19/132,380616,51.66,"7,367.71 zł ",WA1M/00502400/7,"285,462.00 zł ",,,,,
164,20-06-2017,,,Międzynarodowa 64/66A/229,234000,37.5,"6,240.00 zł ",WA6M/00453807/6,"175,500.00 zł ",,,,,
165,24-04-2017,,,Odkryta 67H/1,266953,49.5,"5,392.99 zł ",WA3M/00436640/1,"200,214.75 zł ",,,,,
166,20-04-2017,,,Sosnkowskiego 14/9,155000,25.15,"6,163.02 zł ",WA5M/00442989/8,"116,250.00 zł ",,,,,
167,21-04-2017 ,,,Jeździecka 21B/40 ,363000,62.95,"5,766.48 zł ",WA6M/00450629/3 ,"272,250.00 zł ",,,,,
168,27-04-2017 ,,,Koński Jar 4/6 ,326000,52.3,"6,233.27 zł ",WA5M/00438061/6 ,"244,500.00 zł ",,,,,
169,24-04-2017 ,,,Konduktorska 1A/75 ,265000,35.9,"7,381.62 zł ",WA2M/00188155/3 ,"198,750.00 zł ",,,,,
170,23-05-2017 ,,,Książkowa 7a/316 ,238000,40,"5,950.00 zł ",WA3M/00322690/4 ,"178,500.00 zł ",,,,,
171,24-05-2017 ,,,Lwowska 15/6 ,531000,65.37,"8,122.99 zł ",WA4M/00109469/4 ,"398,250.00 zł ",,,,,
172,11-05-2017 ,,,Nowolipie 21/1 ,396400,58.93,"6,726.62 zł ",WA4M/00116170/3 ,"297,300.00 zł ",,,,,
173,29-05-2017 ,,,Mokra 31/42 ,283000,55.4,"5,108.30 zł ",WA3M/00484126/3 ,"212,250.00 zł ",,,,,
174,11-04-2017,,,Górczewska 200c/466,506100,68.93,"7,342.23 zł ",WA1M/00476157/6,"379,575.00 zł ",,,,,
175,09-05-2017,,,Łukowska 31/159,330000,63,"5,238.10 zł ",brak KW,"247,500.00 zł ",,,,,
176,26-04-2017,,,Grenadierów 9/40,340000,62.4,"5,448.72 zł ",brak KW,"255,000.00 zł ",,,,,
177,27-04-2017,,,Mirowski 10/11,319000,40.3,"7,915.63 zł ",brak KW,"239,250.00 zł ",,,,,
178,27-04-2017,,,Gwiaździsta 15 A/123,605111,75.8,"7,982.99 zł ",WA1M/00468927/6,"453,833.25 zł ",,,,,
179,16-05-2017,,,Rejsu 2/15,1015000,113.27,"8,960.89 zł ",WA2M/00471529/7,"761,250.00 zł ",,,,,
180,12-05-2017,,,Marywilska 50/7,226000,50.1,"4,510.98 zł ",WA3M/00432499/9,"169,500.00 zł ",,,,,
181,22-05-2017,,,Pereca 13/19/1106,344500,48,"7,177.08 zł ",WA4M/00409102/7,"258,375.00 zł ",,,,,
182,29-05-2017,,,Ordona 7/12,304000,50.92,"5,970.15 zł ",brak KW,"228,000.00 zł ",,,,,
183,01-06-2017,,,Szwankowskiego 8/69,230800,36.5,"6,323.29 zł ",WA1M/00472494/2,"173,100.00 zł ",,,,,
184,06-06-2017,,,Laskowa 3/3,283200,43.5,"6,510.34 zł ",WA4M/00394667/6,"212,400.00 zł ",,,,,
185,11-05-2017,,,Włodarzewska 81/4,237600,28.3,"8,395.76 zł ",WA1M/00511213/5,"178,200.00 zł ",,,,,
186,16-05-2017,,,Wańkowicza 2/108,274000,32.4,"8,456.79 zł ",WA2M/00321928/8,"205,500.00 zł ",,,,,
187,11-04-2017,,,Górczewska 200c/254,460600,62.12,"7,414.68 zł ",WA1M/00476156/9,"345,450.00 zł ",,,,,
188,25-05-2017,,,Globusowa 7/4,166050,29.85,"5,562.81 zł ",WA5M/00472253/9,"124,537.50 zł ",,,,,
189,09-05-2017,,,Bielawska 6/55,691890,76.8,"9,008.98 zł ",WA2M/00204474/4,"518,917.50 zł ",,,,,
190,25-04-2017,,,Zagłoby 5/98,242000,48,"5,041.67 zł ",WA5M/00439467/9,"181,500.00 zł ",,,,,
191,08-06-2017,,,Skarbka Z Gór 51A/34,192500,35.3,"5,453.26 zł ",WA3M/00452648/5,"144,375.00 zł ",,,,,
192,11-05-2017,,,Łyżwiarska 1/38,460300,52,"8,851.92 zł ",WA2M/00488448/7,"345,225.00 zł ",,,,,
193,19-05-2017,,,Świętosławska 5/1,615000,100.64,"6,110.89 zł ",WA6M/00435920/2,"461,250.00 zł ",,,,,
194,22-05-2017,,,Kolektorska 24/1,914900,173.2,"5,282.33 zł ",WA1M/00466032/1,"686,175.00 zł ",,,,,
195,11-05-2017,,,Fabryczna 4/3,281000,,#DIV/0!,brak KW,"210,750.00 zł ",,,,,
196,19-05-2017,,,Cicha 3/11,597000,,#DIV/0!,WA4M/00110665/8,"447,750.00 zł ",,,,,
197,03-08-2017,,,Franciszka Kawy 46/U1,329284,61.23,"5,377.82 zł ",WA1M/00494892/2,"246,963.00 zł ",,,,,
198,29-06-2017,,,Pogodna 17A/29,316156,69.5,"4,549.01 zł ",WA6M/00368134/4,"237,117.00 zł ",,,,,
199,08-06-2017,,,Skarbka z Gór 7/15,302014,50.5,"5,980.48 zł ",WA3M/00465377/8,"226,510.50 zł ",,,,,
200,25-05-2017,,,Chełmońskiego 9/23,301561,,#DIV/0!,WA1M/00433357/5,"226,170.75 zł ",,,,,
201,17-05-2017,,,Redutowa 50/130,224980,37.11,"6,062.52 zł ",brak KW,"168,735.00 zł ",,,,,
202,16-05-2017,,,Narwik 10/50,392760,58.23,"6,744.98 zł ",WA1M/00462351/5,"294,570.00 zł ",,,,,
203,12-05-2017,,,Olbrachta Jana 118A/33,474863,67.5,"7,035.01 zł ",WA1M/00301006/6,"356,147.25 zł ",,,,,
204,,,,,,,#DIV/0!,,-00 zł ,,,,,
205,,,,,,,#DIV/0!,,-00 zł ,,,,,
206,,,,,,,#DIV/0!,,-00 zł ,,,,,
207,,,,,,,#DIV/0!,,-00 zł ,,,,,
208,,,,,,,#DIV/0!,,-00 zł ,,,,,
209,,,,,,,#DIV/0!,,-00 zł ,,,,,
210,,,,,,,#DIV/0!,,-00 zł ,,,,,
211,,,,,,,#DIV/0!,,-00 zł ,,,,,
212,,,,,,,#DIV/0!,,-00 zł ,,,,,
213,,,,,,,#DIV/0!,,-00 zł ,,,,,
214,,,,,,,#DIV/0!,,-00 zł ,,,,,
215,,,,,,,#DIV/0!,,-00 zł ,,,,,
216,,,,,,,#DIV/0!,,-00 zł ,,,,,
217,,,,,,,#DIV/0!,,-00 zł ,,,,,
218,,,,,,,#DIV/0!,,-00 zł ,,,,,
219,,,,,,,#DIV/0!,,-00 zł ,,,,,
220,,,,,,,#DIV/0!,,-00 zł ,,,,,
221,,,,,,,#DIV/0!,,-00 zł ,,,,,
222,,,,,,,#DIV/0!,,-00 zł ,,,,,
223,,,,,,,#DIV/0!,,-00 zł ,,,,,
224,,,,,,,#DIV/0!,,-00 zł ,,,,,
225,,,,,,,#DIV/0!,,-00 zł ,,,,,
226,,,,,,,#DIV/0!,,-00 zł ,,,,,
227,,,,,,,#DIV/0!,,-00 zł ,,,,,
228,,,,,,,#DIV/0!,,-00 zł ,,,,,
229,,,,,,,#DIV/0!,,-00 zł ,,,,,
230,,,,,,,#DIV/0!,,-00 zł ,,,,,
231,,,,,,,#DIV/0!,,-00 zł ,,,,,
232,,,,,,,#DIV/0!,,-00 zł ,,,,,
233,,,,,,,#DIV/0!,,,,,,,
234,,,,,,,#DIV/0!,,,,,,,
235,,,,,,,#DIV/0!,,,,,,,
236,,,,,,,#DIV/0!,,,,,,,
237,,,,,,,#DIV/0!,,,,,,,
238,,,,,,,#DIV/0!,,,,,,,
239,,,,,,,#DIV/0!,,,,,,,
240,,,,,,,#DIV/0!,,,,,,,
241,,,,,,,#DIV/0!,,,,,,,
242,,,,,,,,,,,,,,
243,,,,,,,,,,,,,,
244,,,,,,,,,,,,,,
245,,,,,,,,,,,,,,
246,,,,,,,,,,,,,,
247,,,,,,,,,,,,,,
248,,,,,,,,,,,,,,
249,,,,,,,,,,,,,,
250,,,,,,,,,,,,,,
251,,,,,,,,,,,,,,
252,,,,,,,,,,,,,,
253,,,,,,,,,,,,,,
254,,,,,,,,,,,,,,
255,,,,,,,,,,,,,,
256,,,,,,,,,,,,,,
257,,,,,,,,,,,,,,
258,,,,,,,,,,,,,,
259,,,,,,,,,,,,,,
260,,,,,,,,,,,,,,
261,,,,,,,,,,,,,,
262,,,,,,,,,,,,,,
263,,,,,,,,,,,,,,
264,,,,,,,,,,,,,,
265,,,,,,,,,,,,,,
266,,,,,,,,,,,,,,
267,,,,,,,,,,,,,,
268,,,,,,,,,,,,,,
269,,,,,,,,,,,,,,
270,,,,,,,,,,,,,,
271,,,,,,,,,,,,,,
272,,,,,,,,,,,,,,
273,,,,,,,,,,,,,,
274,,,,,,,,,,,,,,
275,,,,,,,,,,,,,,
276,,,,,,,,,,,,,,
277,,,,,,,,,,,,,,
278,,,,,,,,,,,,,,
279,,,,,,,,,,,,,,
280,,,,,,,,,,,,,,
281,,,,,,,,,,,,,,
282,,,,,,,,,,,,,,
283,,,,,,,,,,,,,,
284,,,,,,,,,,,,,,
285,,,,,,,,,,,,,,
286,,,,,,,,,,,,,,
287,,,,,,,,,,,,,,
288,,,,,,,,,,,,,,
289,,,,,,,,,,,,,,
290,,,,,,,,,,,,,,
291,,,,,,,,,,,,,,
292,,,,,,,,,,,,,,
293,,,,,,,,,,,,,,
294,,,,,,,,,,,,,,
295,,,,,,,,,,,,,,
296,,,,,,,,,,,,,,
297,,,,,,,,,,,,,,
298,,,,,,,,,,,,,,
299,,,,,,,,,,,,,,
300,,,,,,,,,,,,,,
301,,,,,,,,,,,,,,
302,,,,,,,,,,,,,,
303,,,,,,,,,,,,,,
304,,,,,,,,,,,,,,
305,,,,,,,,,,,,,,
306,,,,,,,,,,,,,,
307,,,,,,,,,,,,,,
308,,,,,,,,,,,,,,
309,,,,,,,,,,,,,,
310,,,,,,,,,,,,,,
311,,,,,,,,,,,,,,
312,,,,,,,,,,,,,,
313,,,,,,,,,,,,,,
314,,,,,,,,,,,,,,
315,,,,,,,,,,,,,,
316,,,,,,,,,,,,,,
317,,,,,,,,,,,,,,
318,,,,,,,,,,,,,,
319,,,,,,,,,,,,,,
320,,,,,,,,,,,,,,
321,,,,,,,,,,,,,,
322,,,,,,,,,,,,,,
323,,,,,,,,,,,,,,
324,,,,,,,,,,,,,,
325,,,,,,,,,,,,,,
326,,,,,,,,,,,,,,
327,,,,,,,,,,,,,,
328,,,,,,,,,,,,,,
329,,,,,,,,,,,,,,
330,,,,,,,,,,,,,,
331,,,,,,,,,,,,,,
332,,,,,,,,,,,,,,
333,,,,,,,,,,,,,,
334,,,,,,,,,,,,,,
335,,,,,,,,,,,,,,
336,,,,,,,,,,,,,,
337,,,,,,,,,,,,,,
338,,,,,,,,,,,,,,
339,,,,,,,,,,,,,,
340,,,,,,,,,,,,,,
341,,,,,,,,,,,,,,
342,,,,,,,,,,,,,,
343,,,,,,,,,,,,,,
344,,,,,,,,,,,,,,
345,,,,,,,,,,,,,,
346,,,,,,,,,,,,,,
347,,,,,,,,,,,,,,
348,,,,,,,,,,,,,,
349,,,,,,,,,,,,,,
350,,,,,,,,,,,,,,
351,,,,,,,,,,,,,,
352,,,,,,,,,,,,,,
353,,,,,,,,,,,,,,
354,,,,,,,,,,,,,,
355,,,,,,,,,,,,,,
356,,,,,,,,,,,,,,
357,,,,,,,,,,,,,,
358,,,,,,,,,,,,,,
359,,,,,,,,,,,,,,
360,,,,,,,,,,,,,,
361,,,,,,,,,,,,,,
362,,,,,,,,,,,,,,
363,,,,,,,,,,,,,,
364,,,,,,,,,,,,,,
365,,,,,,,,,,,,,,
366,,,,,,,,,,,,,,
367,,,,,,,,,,,,,,
368,,,,,,,,,,,,,,
369,,,,,,,,,,,,,,
370,,,,,,,,,,,,,,
371,,,,,,,,,,,,,,
372,,,,,,,,,,,,,,
373,,,,,,,,,,,,,,
374,,,,,,,,,,,,,,
375,,,,,,,,,,,,,,
376,,,,,,,,,,,,,,
377,,,,,,,,,,,,,,
378,,,,,,,,,,,,,,
379,,,,,,,,,,,,,,
380,,,,,,,,,,,,,,
381,,,,,,,,,,,,,,
382,,,,,,,,,,,,,,
383,,,,,,,,,,,,,,
384,,,,,,,,,,,,,,
385,,,,,,,,,,,,,,
386,,,,,,,,,,,,,,
387,,,,,,,,,,,,,,
388,,,,,,,,,,,,,,
389,,,,,,,,,,,,,,
390,,,,,,,,,,,,,,
391,,,,,,,,,,,,,,
392,,,,,,,,,,,,,,
393,,,,,,,,,,,,,,
394,,,,,,,,,,,,,,
395,,,,,,,,,,,,,,
396,,,,,,,,,,,,,,
397,,,,,,,,,,,,,,
398,,,,,,,,,,,,,,
399,,,,,,,,,,,,,,
400,,,,,,,,,,,,,,
401,,,,,,,,,,,,,,
402,,,,,,,,,,,,,,
403,,,,,,,,,,,,,,
404,,,,,,,,,,,,,,
405,,,,,,,,,,,,,,
406,,,,,,,,,,,,,,
407,,,,,,,,,,,,,,
408,,,,,,,,,,,,,,
409,,,,,,,,,,,,,,
410,,,,,,,,,,,,,,
411,,,,,,,,,,,,,,
412,,,,,,,,,,,,,,
413,,,,,,,,,,,,,,
414,,,,,,,,,,,,,,
415,,,,,,,,,,,,,,
416,,,,,,,,,,,,,,
417,,,,,,,,,,,,,,
418,,,,,,,,,,,,,,
419,,,,,,,,,,,,,,
420,,,,,,,,,,,,,,
421,,,,,,,,,,,,,,
422,,,,,,,,,,,,,,
423,,,,,,,,,,,,,,
424,,,,,,,,,,,,,,
425,,,,,,,,,,,,,,
426,,,,,,,,,,,,,,
427,,,,,,,,,,,,,,
428,,,,,,,,,,,,,,
429,,,,,,,,,,,,,,
430,,,,,,,,,,,,,,
431,,,,,,,,,,,,,,
432,,,,,,,,,,,,,,
433,,,,,,,,,,,,,,
434,,,,,,,,,,,,,,
435,,,,,,,,,,,,,,
436,,,,,,,,,,,,,,
437,,,,,,,,,,,,,,
438,,,,,,,,,,,,,,
439,,,,,,,,,,,,,,
440,,,,,,,,,,,,,,
441,,,,,,,,,,,,,,
442,,,,,,,,,,,,,,
443,,,,,,,,,,,,,,
444,,,,,,,,,,,,,,
445,,,,,,,,,,,,,,
446,,,,,,,,,,,,,,
447,,,,,,,,,,,,,,
448,,,,,,,,,,,,,,
